<application>
  <component name="FileTypeManager" version="19">
    <ignoreFiles list="*.pyc;*.pyo;*.rbc;*.yarb;*~;.DS_Store;.git;.hg;.idea;.mypy_cache;.pytest_cache;.ruff_cache;.svn;CVS;__pycache__;_svn;crazyeazy.iml;jsconfig.json;node_modules;vssver.scc;vssver2.scc" />
    <extensionMap>
      <removed_mapping ext="apk" approved="true" type="ARCHIVE" />
      <removed_mapping ext="fxml" approved="true" type="XML" />
      <removed_mapping ext="psd" approved="true" type="Image" />
      <removed_mapping ext="wadl" approved="true" type="XML" />
    </extensionMap>
  </component>
</application>