<application>
  <component name="FileTypeManager" version="18">
    <ignoreFiles list="*.pyc;*.pyo;*.rbc;*.yarb;*~;.DS_Store;.git;.hg;.idea;.svn;CVS;__pycache__;_svn;vssver.scc;vssver2.scc" />
    <extensionMap>
      <mapping pattern="账户明细.xml" type="AUTO_DETECTED" />
      <mapping ext="gradle.kts" type="Kotlin" />
      <mapping ext="main.kts" type="Kotlin" />
      <mapping pattern="*.log.2022-03-15-15" type="PLAIN_TEXT" />
      <mapping pattern="responce_post" type="PLAIN_TEXT" />
      <mapping pattern="api-info.md" type="PLAIN_TEXT" />
      <mapping pattern="说明" type="PLAIN_TEXT" />
      <mapping pattern="spring_mvc_servlet.xml" type="PLAIN_TEXT" />
      <mapping pattern="Test" type="PLAIN_TEXT" />
      <mapping pattern="JDWebPageSource" type="PLAIN_TEXT" />
      <mapping pattern="responce" type="PLAIN_TEXT" />
      <mapping pattern="说明.txt" type="PLAIN_TEXT" />
      <mapping ext="swf" type="PLAIN_TEXT" />
      <mapping ext="dll" type="PLAIN_TEXT" />
      <mapping ext="vmoptions" type="PLAIN_TEXT" />
      <mapping ext="template" type="PLAIN_TEXT" />
      <mapping ext="text" type="PLAIN_TEXT" />
      <mapping pattern="CityMapper" type="XML" />
      <mapping ext="citymapper" type="XML" />
      <mapping pattern="myControllerProp02" type="YAML" />
      <removed_mapping ext="apk" approved="true" type="ARCHIVE" />
      <removed_mapping ext="ignore" approved="true" type="IgnoreLang file" />
      <removed_mapping ext="psd" approved="true" type="Image" />
      <removed_mapping ext="rs" approved="true" type="Android RenderScript" />
      <removed_mapping ext="template" approved="true" type="ARM_EX" />
      <removed_mapping ext="vue" approved="true" type="HTML" />
      <removed_mapping ext="vue" approved="true" type="PLAIN_TEXT" />
    </extensionMap>
  </component>
</application>