<application>
  <component name="ProjectJdkTable">
    <jdk version="2">
      <name value="1.8" />
      <type value="JavaSDK" />
      <version value="Oracle OpenJDK version 1.8.0_271" />
      <homePath value="$USER_HOME$/space/env/jdk/8" />
      <roots>
        <annotationsPath>
          <root type="composite">
            <root url="jar://$APPLICATION_HOME_DIR$/plugins/java/lib/jdkAnnotations.jar!/" type="simple" />
            <root url="jar://$APPLICATION_HOME_DIR$/plugins/java/lib/resources/jdkAnnotations.jar!/" type="simple" />
          </root>
        </annotationsPath>
        <classPath>
          <root type="composite">
            <root url="jar://$USER_HOME$/space/env/jdk/8/jre/lib/charsets.jar!/" type="simple" />
            <root url="jar://$USER_HOME$/space/env/jdk/8/jre/lib/deploy.jar!/" type="simple" />
            <root url="jar://$USER_HOME$/space/env/jdk/8/jre/lib/ext/access-bridge-64.jar!/" type="simple" />
            <root url="jar://$USER_HOME$/space/env/jdk/8/jre/lib/ext/cldrdata.jar!/" type="simple" />
            <root url="jar://$USER_HOME$/space/env/jdk/8/jre/lib/ext/dnsns.jar!/" type="simple" />
            <root url="jar://$USER_HOME$/space/env/jdk/8/jre/lib/ext/jaccess.jar!/" type="simple" />
            <root url="jar://$USER_HOME$/space/env/jdk/8/jre/lib/ext/jfxrt.jar!/" type="simple" />
            <root url="jar://$USER_HOME$/space/env/jdk/8/jre/lib/ext/localedata.jar!/" type="simple" />
            <root url="jar://$USER_HOME$/space/env/jdk/8/jre/lib/ext/nashorn.jar!/" type="simple" />
            <root url="jar://$USER_HOME$/space/env/jdk/8/jre/lib/ext/sunec.jar!/" type="simple" />
            <root url="jar://$USER_HOME$/space/env/jdk/8/jre/lib/ext/sunjce_provider.jar!/" type="simple" />
            <root url="jar://$USER_HOME$/space/env/jdk/8/jre/lib/ext/sunmscapi.jar!/" type="simple" />
            <root url="jar://$USER_HOME$/space/env/jdk/8/jre/lib/ext/sunpkcs11.jar!/" type="simple" />
            <root url="jar://$USER_HOME$/space/env/jdk/8/jre/lib/ext/zipfs.jar!/" type="simple" />
            <root url="jar://$USER_HOME$/space/env/jdk/8/jre/lib/javaws.jar!/" type="simple" />
            <root url="jar://$USER_HOME$/space/env/jdk/8/jre/lib/jce.jar!/" type="simple" />
            <root url="jar://$USER_HOME$/space/env/jdk/8/jre/lib/jfr.jar!/" type="simple" />
            <root url="jar://$USER_HOME$/space/env/jdk/8/jre/lib/jfxswt.jar!/" type="simple" />
            <root url="jar://$USER_HOME$/space/env/jdk/8/jre/lib/jsse.jar!/" type="simple" />
            <root url="jar://$USER_HOME$/space/env/jdk/8/jre/lib/management-agent.jar!/" type="simple" />
            <root url="jar://$USER_HOME$/space/env/jdk/8/jre/lib/plugin.jar!/" type="simple" />
            <root url="jar://$USER_HOME$/space/env/jdk/8/jre/lib/resources.jar!/" type="simple" />
            <root url="jar://$USER_HOME$/space/env/jdk/8/jre/lib/rt.jar!/" type="simple" />
          </root>
        </classPath>
        <javadocPath>
          <root type="composite" />
        </javadocPath>
        <sourcePath>
          <root type="composite">
            <root url="jar://$USER_HOME$/space/env/jdk/8/src.zip!/" type="simple" />
            <root url="jar://$USER_HOME$/space/env/jdk/8/javafx-src.zip!/" type="simple" />
          </root>
        </sourcePath>
      </roots>
      <additional />
    </jdk>
    <jdk version="2">
      <name value="11" />
      <type value="JavaSDK" />
      <version value="Oracle OpenJDK version 11.0.13" />
      <homePath value="$USER_HOME$/space/env/jdk/11/jdk-11.0.13" />
      <roots>
        <annotationsPath>
          <root type="composite">
            <root url="jar://$APPLICATION_HOME_DIR$/plugins/java/lib/jdkAnnotations.jar!/" type="simple" />
          </root>
        </annotationsPath>
        <classPath>
          <root type="composite">
            <root url="jrt://C:/Users/YF/space/env/jdk/11/jdk-11.0.13!/java.base" type="simple" />
            <root url="jrt://C:/Users/YF/space/env/jdk/11/jdk-11.0.13!/java.compiler" type="simple" />
            <root url="jrt://C:/Users/YF/space/env/jdk/11/jdk-11.0.13!/java.datatransfer" type="simple" />
            <root url="jrt://C:/Users/YF/space/env/jdk/11/jdk-11.0.13!/java.desktop" type="simple" />
            <root url="jrt://C:/Users/YF/space/env/jdk/11/jdk-11.0.13!/java.instrument" type="simple" />
            <root url="jrt://C:/Users/YF/space/env/jdk/11/jdk-11.0.13!/java.logging" type="simple" />
            <root url="jrt://C:/Users/YF/space/env/jdk/11/jdk-11.0.13!/java.management" type="simple" />
            <root url="jrt://C:/Users/YF/space/env/jdk/11/jdk-11.0.13!/java.management.rmi" type="simple" />
            <root url="jrt://C:/Users/YF/space/env/jdk/11/jdk-11.0.13!/java.naming" type="simple" />
            <root url="jrt://C:/Users/YF/space/env/jdk/11/jdk-11.0.13!/java.net.http" type="simple" />
            <root url="jrt://C:/Users/YF/space/env/jdk/11/jdk-11.0.13!/java.prefs" type="simple" />
            <root url="jrt://C:/Users/YF/space/env/jdk/11/jdk-11.0.13!/java.rmi" type="simple" />
            <root url="jrt://C:/Users/YF/space/env/jdk/11/jdk-11.0.13!/java.scripting" type="simple" />
            <root url="jrt://C:/Users/YF/space/env/jdk/11/jdk-11.0.13!/java.se" type="simple" />
            <root url="jrt://C:/Users/YF/space/env/jdk/11/jdk-11.0.13!/java.security.jgss" type="simple" />
            <root url="jrt://C:/Users/YF/space/env/jdk/11/jdk-11.0.13!/java.security.sasl" type="simple" />
            <root url="jrt://C:/Users/YF/space/env/jdk/11/jdk-11.0.13!/java.smartcardio" type="simple" />
            <root url="jrt://C:/Users/YF/space/env/jdk/11/jdk-11.0.13!/java.sql" type="simple" />
            <root url="jrt://C:/Users/YF/space/env/jdk/11/jdk-11.0.13!/java.sql.rowset" type="simple" />
            <root url="jrt://C:/Users/YF/space/env/jdk/11/jdk-11.0.13!/java.transaction.xa" type="simple" />
            <root url="jrt://C:/Users/YF/space/env/jdk/11/jdk-11.0.13!/java.xml" type="simple" />
            <root url="jrt://C:/Users/YF/space/env/jdk/11/jdk-11.0.13!/java.xml.crypto" type="simple" />
            <root url="jrt://C:/Users/YF/space/env/jdk/11/jdk-11.0.13!/jdk.accessibility" type="simple" />
            <root url="jrt://C:/Users/YF/space/env/jdk/11/jdk-11.0.13!/jdk.attach" type="simple" />
            <root url="jrt://C:/Users/YF/space/env/jdk/11/jdk-11.0.13!/jdk.charsets" type="simple" />
            <root url="jrt://C:/Users/YF/space/env/jdk/11/jdk-11.0.13!/jdk.compiler" type="simple" />
            <root url="jrt://C:/Users/YF/space/env/jdk/11/jdk-11.0.13!/jdk.crypto.cryptoki" type="simple" />
            <root url="jrt://C:/Users/YF/space/env/jdk/11/jdk-11.0.13!/jdk.crypto.ec" type="simple" />
            <root url="jrt://C:/Users/YF/space/env/jdk/11/jdk-11.0.13!/jdk.crypto.mscapi" type="simple" />
            <root url="jrt://C:/Users/YF/space/env/jdk/11/jdk-11.0.13!/jdk.dynalink" type="simple" />
            <root url="jrt://C:/Users/YF/space/env/jdk/11/jdk-11.0.13!/jdk.editpad" type="simple" />
            <root url="jrt://C:/Users/YF/space/env/jdk/11/jdk-11.0.13!/jdk.hotspot.agent" type="simple" />
            <root url="jrt://C:/Users/YF/space/env/jdk/11/jdk-11.0.13!/jdk.httpserver" type="simple" />
            <root url="jrt://C:/Users/YF/space/env/jdk/11/jdk-11.0.13!/jdk.internal.ed" type="simple" />
            <root url="jrt://C:/Users/YF/space/env/jdk/11/jdk-11.0.13!/jdk.internal.jvmstat" type="simple" />
            <root url="jrt://C:/Users/YF/space/env/jdk/11/jdk-11.0.13!/jdk.internal.le" type="simple" />
            <root url="jrt://C:/Users/YF/space/env/jdk/11/jdk-11.0.13!/jdk.internal.opt" type="simple" />
            <root url="jrt://C:/Users/YF/space/env/jdk/11/jdk-11.0.13!/jdk.internal.vm.ci" type="simple" />
            <root url="jrt://C:/Users/YF/space/env/jdk/11/jdk-11.0.13!/jdk.internal.vm.compiler" type="simple" />
            <root url="jrt://C:/Users/YF/space/env/jdk/11/jdk-11.0.13!/jdk.internal.vm.compiler.management" type="simple" />
            <root url="jrt://C:/Users/YF/space/env/jdk/11/jdk-11.0.13!/jdk.jartool" type="simple" />
            <root url="jrt://C:/Users/YF/space/env/jdk/11/jdk-11.0.13!/jdk.javadoc" type="simple" />
            <root url="jrt://C:/Users/YF/space/env/jdk/11/jdk-11.0.13!/jdk.jcmd" type="simple" />
            <root url="jrt://C:/Users/YF/space/env/jdk/11/jdk-11.0.13!/jdk.jconsole" type="simple" />
            <root url="jrt://C:/Users/YF/space/env/jdk/11/jdk-11.0.13!/jdk.jdeps" type="simple" />
            <root url="jrt://C:/Users/YF/space/env/jdk/11/jdk-11.0.13!/jdk.jdi" type="simple" />
            <root url="jrt://C:/Users/YF/space/env/jdk/11/jdk-11.0.13!/jdk.jdwp.agent" type="simple" />
            <root url="jrt://C:/Users/YF/space/env/jdk/11/jdk-11.0.13!/jdk.jfr" type="simple" />
            <root url="jrt://C:/Users/YF/space/env/jdk/11/jdk-11.0.13!/jdk.jlink" type="simple" />
            <root url="jrt://C:/Users/YF/space/env/jdk/11/jdk-11.0.13!/jdk.jshell" type="simple" />
            <root url="jrt://C:/Users/YF/space/env/jdk/11/jdk-11.0.13!/jdk.jsobject" type="simple" />
            <root url="jrt://C:/Users/YF/space/env/jdk/11/jdk-11.0.13!/jdk.jstatd" type="simple" />
            <root url="jrt://C:/Users/YF/space/env/jdk/11/jdk-11.0.13!/jdk.localedata" type="simple" />
            <root url="jrt://C:/Users/YF/space/env/jdk/11/jdk-11.0.13!/jdk.management" type="simple" />
            <root url="jrt://C:/Users/YF/space/env/jdk/11/jdk-11.0.13!/jdk.management.agent" type="simple" />
            <root url="jrt://C:/Users/YF/space/env/jdk/11/jdk-11.0.13!/jdk.management.jfr" type="simple" />
            <root url="jrt://C:/Users/YF/space/env/jdk/11/jdk-11.0.13!/jdk.naming.dns" type="simple" />
            <root url="jrt://C:/Users/YF/space/env/jdk/11/jdk-11.0.13!/jdk.naming.ldap" type="simple" />
            <root url="jrt://C:/Users/YF/space/env/jdk/11/jdk-11.0.13!/jdk.naming.rmi" type="simple" />
            <root url="jrt://C:/Users/YF/space/env/jdk/11/jdk-11.0.13!/jdk.net" type="simple" />
            <root url="jrt://C:/Users/YF/space/env/jdk/11/jdk-11.0.13!/jdk.pack" type="simple" />
            <root url="jrt://C:/Users/YF/space/env/jdk/11/jdk-11.0.13!/jdk.rmic" type="simple" />
            <root url="jrt://C:/Users/YF/space/env/jdk/11/jdk-11.0.13!/jdk.scripting.nashorn" type="simple" />
            <root url="jrt://C:/Users/YF/space/env/jdk/11/jdk-11.0.13!/jdk.scripting.nashorn.shell" type="simple" />
            <root url="jrt://C:/Users/YF/space/env/jdk/11/jdk-11.0.13!/jdk.sctp" type="simple" />
            <root url="jrt://C:/Users/YF/space/env/jdk/11/jdk-11.0.13!/jdk.security.auth" type="simple" />
            <root url="jrt://C:/Users/YF/space/env/jdk/11/jdk-11.0.13!/jdk.security.jgss" type="simple" />
            <root url="jrt://C:/Users/YF/space/env/jdk/11/jdk-11.0.13!/jdk.unsupported" type="simple" />
            <root url="jrt://C:/Users/YF/space/env/jdk/11/jdk-11.0.13!/jdk.unsupported.desktop" type="simple" />
            <root url="jrt://C:/Users/YF/space/env/jdk/11/jdk-11.0.13!/jdk.xml.dom" type="simple" />
            <root url="jrt://C:/Users/YF/space/env/jdk/11/jdk-11.0.13!/jdk.zipfs" type="simple" />
          </root>
        </classPath>
        <javadocPath>
          <root type="composite" />
        </javadocPath>
        <sourcePath>
          <root type="composite">
            <root url="jar://$USER_HOME$/space/env/jdk/11/jdk-11.0.13/lib/src.zip!/java.se" type="simple" />
            <root url="jar://$USER_HOME$/space/env/jdk/11/jdk-11.0.13/lib/src.zip!/jdk.jdi" type="simple" />
            <root url="jar://$USER_HOME$/space/env/jdk/11/jdk-11.0.13/lib/src.zip!/jdk.jfr" type="simple" />
            <root url="jar://$USER_HOME$/space/env/jdk/11/jdk-11.0.13/lib/src.zip!/jdk.net" type="simple" />
            <root url="jar://$USER_HOME$/space/env/jdk/11/jdk-11.0.13/lib/src.zip!/java.rmi" type="simple" />
            <root url="jar://$USER_HOME$/space/env/jdk/11/jdk-11.0.13/lib/src.zip!/java.sql" type="simple" />
            <root url="jar://$USER_HOME$/space/env/jdk/11/jdk-11.0.13/lib/src.zip!/java.xml" type="simple" />
            <root url="jar://$USER_HOME$/space/env/jdk/11/jdk-11.0.13/lib/src.zip!/jdk.jcmd" type="simple" />
            <root url="jar://$USER_HOME$/space/env/jdk/11/jdk-11.0.13/lib/src.zip!/jdk.pack" type="simple" />
            <root url="jar://$USER_HOME$/space/env/jdk/11/jdk-11.0.13/lib/src.zip!/jdk.rmic" type="simple" />
            <root url="jar://$USER_HOME$/space/env/jdk/11/jdk-11.0.13/lib/src.zip!/jdk.sctp" type="simple" />
            <root url="jar://$USER_HOME$/space/env/jdk/11/jdk-11.0.13/lib/src.zip!/java.base" type="simple" />
            <root url="jar://$USER_HOME$/space/env/jdk/11/jdk-11.0.13/lib/src.zip!/jdk.jdeps" type="simple" />
            <root url="jar://$USER_HOME$/space/env/jdk/11/jdk-11.0.13/lib/src.zip!/jdk.jlink" type="simple" />
            <root url="jar://$USER_HOME$/space/env/jdk/11/jdk-11.0.13/lib/src.zip!/jdk.zipfs" type="simple" />
            <root url="jar://$USER_HOME$/space/env/jdk/11/jdk-11.0.13/lib/src.zip!/java.prefs" type="simple" />
            <root url="jar://$USER_HOME$/space/env/jdk/11/jdk-11.0.13/lib/src.zip!/jdk.attach" type="simple" />
            <root url="jar://$USER_HOME$/space/env/jdk/11/jdk-11.0.13/lib/src.zip!/jdk.jshell" type="simple" />
            <root url="jar://$USER_HOME$/space/env/jdk/11/jdk-11.0.13/lib/src.zip!/jdk.jstatd" type="simple" />
            <root url="jar://$USER_HOME$/space/env/jdk/11/jdk-11.0.13/lib/src.zip!/java.naming" type="simple" />
            <root url="jar://$USER_HOME$/space/env/jdk/11/jdk-11.0.13/lib/src.zip!/jdk.editpad" type="simple" />
            <root url="jar://$USER_HOME$/space/env/jdk/11/jdk-11.0.13/lib/src.zip!/jdk.jartool" type="simple" />
            <root url="jar://$USER_HOME$/space/env/jdk/11/jdk-11.0.13/lib/src.zip!/jdk.javadoc" type="simple" />
            <root url="jar://$USER_HOME$/space/env/jdk/11/jdk-11.0.13/lib/src.zip!/jdk.xml.dom" type="simple" />
            <root url="jar://$USER_HOME$/space/env/jdk/11/jdk-11.0.13/lib/src.zip!/java.desktop" type="simple" />
            <root url="jar://$USER_HOME$/space/env/jdk/11/jdk-11.0.13/lib/src.zip!/java.logging" type="simple" />
            <root url="jar://$USER_HOME$/space/env/jdk/11/jdk-11.0.13/lib/src.zip!/jdk.charsets" type="simple" />
            <root url="jar://$USER_HOME$/space/env/jdk/11/jdk-11.0.13/lib/src.zip!/jdk.compiler" type="simple" />
            <root url="jar://$USER_HOME$/space/env/jdk/11/jdk-11.0.13/lib/src.zip!/jdk.dynalink" type="simple" />
            <root url="jar://$USER_HOME$/space/env/jdk/11/jdk-11.0.13/lib/src.zip!/jdk.jconsole" type="simple" />
            <root url="jar://$USER_HOME$/space/env/jdk/11/jdk-11.0.13/lib/src.zip!/jdk.jsobject" type="simple" />
            <root url="jar://$USER_HOME$/space/env/jdk/11/jdk-11.0.13/lib/src.zip!/java.compiler" type="simple" />
            <root url="jar://$USER_HOME$/space/env/jdk/11/jdk-11.0.13/lib/src.zip!/java.net.http" type="simple" />
            <root url="jar://$USER_HOME$/space/env/jdk/11/jdk-11.0.13/lib/src.zip!/jdk.crypto.ec" type="simple" />
            <root url="jar://$USER_HOME$/space/env/jdk/11/jdk-11.0.13/lib/src.zip!/java.scripting" type="simple" />
            <root url="jar://$USER_HOME$/space/env/jdk/11/jdk-11.0.13/lib/src.zip!/jdk.httpserver" type="simple" />
            <root url="jar://$USER_HOME$/space/env/jdk/11/jdk-11.0.13/lib/src.zip!/jdk.jdwp.agent" type="simple" />
            <root url="jar://$USER_HOME$/space/env/jdk/11/jdk-11.0.13/lib/src.zip!/jdk.localedata" type="simple" />
            <root url="jar://$USER_HOME$/space/env/jdk/11/jdk-11.0.13/lib/src.zip!/jdk.management" type="simple" />
            <root url="jar://$USER_HOME$/space/env/jdk/11/jdk-11.0.13/lib/src.zip!/jdk.naming.dns" type="simple" />
            <root url="jar://$USER_HOME$/space/env/jdk/11/jdk-11.0.13/lib/src.zip!/jdk.naming.rmi" type="simple" />
            <root url="jar://$USER_HOME$/space/env/jdk/11/jdk-11.0.13/lib/src.zip!/java.instrument" type="simple" />
            <root url="jar://$USER_HOME$/space/env/jdk/11/jdk-11.0.13/lib/src.zip!/java.management" type="simple" />
            <root url="jar://$USER_HOME$/space/env/jdk/11/jdk-11.0.13/lib/src.zip!/java.sql.rowset" type="simple" />
            <root url="jar://$USER_HOME$/space/env/jdk/11/jdk-11.0.13/lib/src.zip!/java.xml.crypto" type="simple" />
            <root url="jar://$USER_HOME$/space/env/jdk/11/jdk-11.0.13/lib/src.zip!/jdk.internal.ed" type="simple" />
            <root url="jar://$USER_HOME$/space/env/jdk/11/jdk-11.0.13/lib/src.zip!/jdk.internal.le" type="simple" />
            <root url="jar://$USER_HOME$/space/env/jdk/11/jdk-11.0.13/lib/src.zip!/jdk.naming.ldap" type="simple" />
            <root url="jar://$USER_HOME$/space/env/jdk/11/jdk-11.0.13/lib/src.zip!/jdk.unsupported" type="simple" />
            <root url="jar://$USER_HOME$/space/env/jdk/11/jdk-11.0.13/lib/src.zip!/java.smartcardio" type="simple" />
            <root url="jar://$USER_HOME$/space/env/jdk/11/jdk-11.0.13/lib/src.zip!/jdk.internal.opt" type="simple" />
            <root url="jar://$USER_HOME$/space/env/jdk/11/jdk-11.0.13/lib/src.zip!/java.datatransfer" type="simple" />
            <root url="jar://$USER_HOME$/space/env/jdk/11/jdk-11.0.13/lib/src.zip!/jdk.accessibility" type="simple" />
            <root url="jar://$USER_HOME$/space/env/jdk/11/jdk-11.0.13/lib/src.zip!/jdk.crypto.mscapi" type="simple" />
            <root url="jar://$USER_HOME$/space/env/jdk/11/jdk-11.0.13/lib/src.zip!/jdk.hotspot.agent" type="simple" />
            <root url="jar://$USER_HOME$/space/env/jdk/11/jdk-11.0.13/lib/src.zip!/jdk.security.auth" type="simple" />
            <root url="jar://$USER_HOME$/space/env/jdk/11/jdk-11.0.13/lib/src.zip!/jdk.security.jgss" type="simple" />
            <root url="jar://$USER_HOME$/space/env/jdk/11/jdk-11.0.13/lib/src.zip!/java.security.jgss" type="simple" />
            <root url="jar://$USER_HOME$/space/env/jdk/11/jdk-11.0.13/lib/src.zip!/java.security.sasl" type="simple" />
            <root url="jar://$USER_HOME$/space/env/jdk/11/jdk-11.0.13/lib/src.zip!/jdk.internal.vm.ci" type="simple" />
            <root url="jar://$USER_HOME$/space/env/jdk/11/jdk-11.0.13/lib/src.zip!/jdk.management.jfr" type="simple" />
            <root url="jar://$USER_HOME$/space/env/jdk/11/jdk-11.0.13/lib/src.zip!/java.management.rmi" type="simple" />
            <root url="jar://$USER_HOME$/space/env/jdk/11/jdk-11.0.13/lib/src.zip!/java.transaction.xa" type="simple" />
            <root url="jar://$USER_HOME$/space/env/jdk/11/jdk-11.0.13/lib/src.zip!/jdk.crypto.cryptoki" type="simple" />
            <root url="jar://$USER_HOME$/space/env/jdk/11/jdk-11.0.13/lib/src.zip!/jdk.internal.jvmstat" type="simple" />
            <root url="jar://$USER_HOME$/space/env/jdk/11/jdk-11.0.13/lib/src.zip!/jdk.management.agent" type="simple" />
            <root url="jar://$USER_HOME$/space/env/jdk/11/jdk-11.0.13/lib/src.zip!/jdk.scripting.nashorn" type="simple" />
            <root url="jar://$USER_HOME$/space/env/jdk/11/jdk-11.0.13/lib/src.zip!/jdk.unsupported.desktop" type="simple" />
            <root url="jar://$USER_HOME$/space/env/jdk/11/jdk-11.0.13/lib/src.zip!/jdk.internal.vm.compiler" type="simple" />
            <root url="jar://$USER_HOME$/space/env/jdk/11/jdk-11.0.13/lib/src.zip!/jdk.scripting.nashorn.shell" type="simple" />
            <root url="jar://$USER_HOME$/space/env/jdk/11/jdk-11.0.13/lib/src.zip!/jdk.internal.vm.compiler.management" type="simple" />
          </root>
        </sourcePath>
      </roots>
      <additional />
    </jdk>
    <jdk version="2">
      <name value="1.6" />
      <type value="JavaSDK" />
      <version value="version 1.6.0_20" />
      <homePath value="$USER_HOME$/space/env/jdk/1.6" />
      <roots>
        <annotationsPath>
          <root type="composite">
            <root url="jar://$APPLICATION_HOME_DIR$/plugins/java/lib/jdkAnnotations.jar!/" type="simple" />
          </root>
        </annotationsPath>
        <classPath>
          <root type="composite">
            <root url="jar://$USER_HOME$/space/env/jdk/1.6/jre/lib/charsets.jar!/" type="simple" />
            <root url="jar://$USER_HOME$/space/env/jdk/1.6/jre/lib/deploy.jar!/" type="simple" />
            <root url="jar://$USER_HOME$/space/env/jdk/1.6/jre/lib/ext/dnsns.jar!/" type="simple" />
            <root url="jar://$USER_HOME$/space/env/jdk/1.6/jre/lib/ext/localedata.jar!/" type="simple" />
            <root url="jar://$USER_HOME$/space/env/jdk/1.6/jre/lib/ext/sunjce_provider.jar!/" type="simple" />
            <root url="jar://$USER_HOME$/space/env/jdk/1.6/jre/lib/ext/sunmscapi.jar!/" type="simple" />
            <root url="jar://$USER_HOME$/space/env/jdk/1.6/jre/lib/ext/sunpkcs11.jar!/" type="simple" />
            <root url="jar://$USER_HOME$/space/env/jdk/1.6/jre/lib/javaws.jar!/" type="simple" />
            <root url="jar://$USER_HOME$/space/env/jdk/1.6/jre/lib/jce.jar!/" type="simple" />
            <root url="jar://$USER_HOME$/space/env/jdk/1.6/jre/lib/jsse.jar!/" type="simple" />
            <root url="jar://$USER_HOME$/space/env/jdk/1.6/jre/lib/management-agent.jar!/" type="simple" />
            <root url="jar://$USER_HOME$/space/env/jdk/1.6/jre/lib/plugin.jar!/" type="simple" />
            <root url="jar://$USER_HOME$/space/env/jdk/1.6/jre/lib/resources.jar!/" type="simple" />
            <root url="jar://$USER_HOME$/space/env/jdk/1.6/jre/lib/rt.jar!/" type="simple" />
          </root>
        </classPath>
        <javadocPath>
          <root type="composite" />
        </javadocPath>
        <sourcePath>
          <root type="composite">
            <root url="jar://$USER_HOME$/space/env/jdk/1.6/src.zip!/" type="simple" />
          </root>
        </sourcePath>
      </roots>
      <additional />
    </jdk>
    <jdk version="2">
      <name value="Kotlin SDK" />
      <type value="KotlinSDK" />
      <version value="1.5.10-release-949" />
      <homePath value="C:\soft\idea\IntelliJ IDEA 2021.3.2\plugins\Kotlin\kotlinc" />
      <roots>
        <annotationsPath>
          <root type="composite" />
        </annotationsPath>
        <classPath>
          <root type="composite" />
        </classPath>
        <javadocPath>
          <root type="composite" />
        </javadocPath>
        <sourcePath>
          <root type="composite" />
        </sourcePath>
      </roots>
      <additional />
    </jdk>
    <jdk version="2">
      <name value="1.7" />
      <type value="JavaSDK" />
      <version value="Oracle OpenJDK version 1.7" />
      <homePath value="$USER_HOME$/space/env/jdk/1.7" />
      <roots>
        <annotationsPath>
          <root type="composite">
            <root url="jar://$APPLICATION_HOME_DIR$/plugins/java/lib/jdkAnnotations.jar!/" type="simple" />
          </root>
        </annotationsPath>
        <classPath>
          <root type="composite">
            <root url="jar://$USER_HOME$/space/env/jdk/1.7/jre/lib/charsets.jar!/" type="simple" />
            <root url="jar://$USER_HOME$/space/env/jdk/1.7/jre/lib/deploy.jar!/" type="simple" />
            <root url="jar://$USER_HOME$/space/env/jdk/1.7/jre/lib/ext/access-bridge-64.jar!/" type="simple" />
            <root url="jar://$USER_HOME$/space/env/jdk/1.7/jre/lib/ext/dnsns.jar!/" type="simple" />
            <root url="jar://$USER_HOME$/space/env/jdk/1.7/jre/lib/ext/jaccess.jar!/" type="simple" />
            <root url="jar://$USER_HOME$/space/env/jdk/1.7/jre/lib/ext/localedata.jar!/" type="simple" />
            <root url="jar://$USER_HOME$/space/env/jdk/1.7/jre/lib/ext/sunec.jar!/" type="simple" />
            <root url="jar://$USER_HOME$/space/env/jdk/1.7/jre/lib/ext/sunjce_provider.jar!/" type="simple" />
            <root url="jar://$USER_HOME$/space/env/jdk/1.7/jre/lib/ext/sunmscapi.jar!/" type="simple" />
            <root url="jar://$USER_HOME$/space/env/jdk/1.7/jre/lib/ext/zipfs.jar!/" type="simple" />
            <root url="jar://$USER_HOME$/space/env/jdk/1.7/jre/lib/javaws.jar!/" type="simple" />
            <root url="jar://$USER_HOME$/space/env/jdk/1.7/jre/lib/jce.jar!/" type="simple" />
            <root url="jar://$USER_HOME$/space/env/jdk/1.7/jre/lib/jfr.jar!/" type="simple" />
            <root url="jar://$USER_HOME$/space/env/jdk/1.7/jre/lib/jfxrt.jar!/" type="simple" />
            <root url="jar://$USER_HOME$/space/env/jdk/1.7/jre/lib/jsse.jar!/" type="simple" />
            <root url="jar://$USER_HOME$/space/env/jdk/1.7/jre/lib/management-agent.jar!/" type="simple" />
            <root url="jar://$USER_HOME$/space/env/jdk/1.7/jre/lib/plugin.jar!/" type="simple" />
            <root url="jar://$USER_HOME$/space/env/jdk/1.7/jre/lib/resources.jar!/" type="simple" />
            <root url="jar://$USER_HOME$/space/env/jdk/1.7/jre/lib/rt.jar!/" type="simple" />
          </root>
        </classPath>
        <javadocPath>
          <root type="composite" />
        </javadocPath>
        <sourcePath>
          <root type="composite">
            <root url="jar://$USER_HOME$/space/env/jdk/1.7/src.zip!/" type="simple" />
          </root>
        </sourcePath>
      </roots>
      <additional />
    </jdk>
    <jdk version="2">
      <name value="Android API 28 Platform" />
      <type value="Android SDK" />
      <version value="Oracle OpenJDK version 11.0.13" />
      <homePath value="D:/Depends/AndroidSDK" />
      <roots>
        <annotationsPath>
          <root type="composite" />
        </annotationsPath>
        <classPath>
          <root type="composite" />
        </classPath>
        <javadocPath>
          <root type="composite" />
        </javadocPath>
        <sourcePath>
          <root type="composite" />
        </sourcePath>
      </roots>
      <additional jdk="11" />
    </jdk>
    <jdk version="2">
      <name value="Android API 29 Platform" />
      <type value="Android SDK" />
      <version value="Oracle OpenJDK version 11.0.13" />
      <homePath value="D:/Depends/AndroidSDK" />
      <roots>
        <annotationsPath>
          <root type="composite" />
        </annotationsPath>
        <classPath>
          <root type="composite" />
        </classPath>
        <javadocPath>
          <root type="composite" />
        </javadocPath>
        <sourcePath>
          <root type="composite" />
        </sourcePath>
      </roots>
      <additional jdk="11" />
    </jdk>
    <jdk version="2">
      <name value="Android API 30 Platform" />
      <type value="Android SDK" />
      <version value="Oracle OpenJDK version 11.0.13" />
      <homePath value="D:/Depends/AndroidSDK" />
      <roots>
        <annotationsPath>
          <root type="composite" />
        </annotationsPath>
        <classPath>
          <root type="composite" />
        </classPath>
        <javadocPath>
          <root type="composite" />
        </javadocPath>
        <sourcePath>
          <root type="composite" />
        </sourcePath>
      </roots>
      <additional jdk="11" />
    </jdk>
    <jdk version="2">
      <name value="Android API 31 Platform" />
      <type value="Android SDK" />
      <version value="Oracle OpenJDK version 11.0.13" />
      <homePath value="D:/Depends/AndroidSDK" />
      <roots>
        <annotationsPath>
          <root type="composite" />
        </annotationsPath>
        <classPath>
          <root type="composite" />
        </classPath>
        <javadocPath>
          <root type="composite">
            <root url="http://developer.android.com/reference/" type="simple" />
          </root>
        </javadocPath>
        <sourcePath>
          <root type="composite" />
        </sourcePath>
      </roots>
      <additional jdk="11" />
    </jdk>
    <jdk version="2">
      <name value="Android API 32 Platform" />
      <type value="Android SDK" />
      <version value="Oracle OpenJDK version 11.0.13" />
      <homePath value="D:/Depends/AndroidSDK" />
      <roots>
        <annotationsPath>
          <root type="composite" />
        </annotationsPath>
        <classPath>
          <root type="composite" />
        </classPath>
        <javadocPath>
          <root type="composite">
            <root url="http://developer.android.com/reference/" type="simple" />
          </root>
        </javadocPath>
        <sourcePath>
          <root type="composite" />
        </sourcePath>
      </roots>
      <additional jdk="11" />
    </jdk>
  </component>
</application>