<application>
  <component name="ParameterNameHintsSettings">
    <blacklists>
      <blacklist language="Java">
        <added pattern="java.lang.Thread.sleep(millis)" />
      </blacklist>
      <blacklist language="JavaScript">
        <added pattern="MyTemplateEngine.replace(htmlText,regValue,value)" />
      </blacklist>
    </blacklists>
    <option id="sql.show.column.names.in.select" value="true" />
    <disabledLanguages>
      <language id="JAVA" />
      <language id="kotlin" />
    </disabledLanguages>
  </component>
</application>