<application>
  <component name="PostfixTemplates">
    <template id="fso@userDefined" key=".fso" provider="builtin.java" language-level="8" topmost="false">
      <conditions />
      <template name="fakeKey" value="$EXPR$.forEach(System.out::println);" description="" toReformat="true" toShortenFQNames="true" />
    </template>
    <template id="isnotnull@userDefined" key=".isnotnull" provider="builtin.java" language-level="1.3" topmost="false">
      <conditions />
      <template name="fakeKey" value="if(null != $EXPR$){&#10;    $END$&#10;}" description="" toReformat="true" toShortenFQNames="true" />
    </template>
    <template id="iss@userDefined" key=".iss" provider="builtin.java" language-level="1.3" topmost="false">
      <conditions />
      <template name="fakeKey" value="R.isSuccess($EXPR$)" description="" toReformat="true" toShortenFQNames="true" />
    </template>
    <template id="so@userDefined" key=".so" provider="builtin.java" language-level="8" topmost="false">
      <conditions />
      <template name="fakeKey" value="System.out.println($EXPR$);" description="" toReformat="true" toShortenFQNames="true" />
    </template>
    <template id="data@userDefined" key=".data" provider="builtin.java" language-level="8" topmost="false">
      <conditions />
      <template name="fakeKey" value="R.data($EXPR$)" description="" toReformat="true" toShortenFQNames="true" />
    </template>
    <template id="isnull@userDefined2" key=".isnull" provider="builtin.java" language-level="1.3" topmost="false">
      <conditions />
      <template name="fakeKey" value="if(null == $EXPR$){&#10;    $END$&#10;}" description="" toReformat="true" toShortenFQNames="true" />
    </template>
    <template id="msg@userDefined" key=".msg" provider="builtin.js" language-level="ES6" topmost="false">
      <conditions />
      <template name="fakeKey" value="layer.msg($EXPR$);" description="" toReformat="true" toShortenFQNames="true" />
    </template>
    <template id="jclick@userDefined" key=".jclick" provider="builtin.js" language-level="ES6" topmost="false">
      <conditions />
      <template name="fakeKey" value="$('$EXPR$').click(function(){&#10;    $END$&#10;});" description="" toReformat="true" toShortenFQNames="true" />
    </template>
    <template id="jval@userDefined" key=".jval" provider="builtin.js" language-level="ES6" topmost="false">
      <conditions />
      <template name="fakeKey" value="$('$EXPR$').val('$END$');" description="" toReformat="true" toShortenFQNames="true" />
    </template>
    <template id="each@userDefined" key=".each" provider="builtin.js" language-level="ES6" topmost="false">
      <conditions />
      <template name="fakeKey" value="$.each($EXPR$, (i, v)=&gt;{&#10;    $END$&#10;});" description="" toReformat="true" toShortenFQNames="true" />
    </template>
    <template id="fi@userDefined" key=".fi" provider="builtin.js" language-level="ES6" topmost="false">
      <conditions />
      <template name="fakeKey" value="for(let i = 0; i &lt; $EXPR$; i++){&#10;    $END$&#10;}" description="" toReformat="true" toShortenFQNames="true" />
    </template>
    <template id="org.jetbrains.kotlin.idea.codeInsight.postfix.KtSoutPostfixTemplate#.sout" key=".so" provider="org.jetbrains.kotlin.idea.codeInsight.postfix.KtPostfixTemplateProvider" builtin="org.jetbrains.kotlin.idea.codeInsight.postfix.KtSoutPostfixTemplate#.sout" />
  </component>
</application>