<application>
  <component name="Translation.Cache">
    <option name="lastTrimTime" value="1676596631777" />
  </component>
  <component name="Translation.Settings">
    <option name="primaryLanguage" value="CHINESE" />
    <option name="translator" value="MICROSOFT" />
  </component>
  <component name="Translation.States">
    <histories>
      <item value="approve" />
      <item value="flow" />
      <item value="flow DTO" />
      <item value="Flow DTO" />
    </histories>
    <option name="languageScores">
      <map>
        <entry key="CHINESE" value="3" />
        <entry key="ENGLISH" value="4" />
      </map>
    </option>
  </component>
</application>