<keymap version="1" name="Vim Support" parent="$default">
  <action id="$Copy">
    <keyboard-shortcut first-keystroke="ctrl c" />
    <keyboard-shortcut first-keystroke="ctrl insert" />
    <keyboard-shortcut first-keystroke="y" second-keystroke="y" />
  </action>
  <action id="$Cut">
    <keyboard-shortcut first-keystroke="ctrl x" />
    <keyboard-shortcut first-keystroke="shift delete" />
    <keyboard-shortcut first-keystroke="d" second-keystroke="d" />
  </action>
  <action id="$Paste">
    <keyboard-shortcut first-keystroke="ctrl v" />
    <keyboard-shortcut first-keystroke="shift insert" />
    <keyboard-shortcut first-keystroke="p" />
  </action>
  <action id="ActivateBookmarksToolWindow" />
  <action id="ActivateDatabaseToolWindow">
    <keyboard-shortcut first-keystroke="alt 7" />
  </action>
  <action id="ActivateGradleToolWindow">
    <keyboard-shortcut first-keystroke="alt 8" />
  </action>
  <action id="ActivateMavenToolWindow">
    <keyboard-shortcut first-keystroke="alt 8" />
  </action>
  <action id="ActivateProblemsViewToolWindow" />
  <action id="ActivateServicesToolWindow">
    <keyboard-shortcut first-keystroke="alt s" />
  </action>
  <action id="ActivateStructureToolWindow">
    <keyboard-shortcut first-keystroke="alt 2" />
  </action>
  <action id="ActivateTerminalToolWindow">
    <keyboard-shortcut first-keystroke="ctrl back_slash" />
  </action>
  <action id="ActivateVersionControlToolWindow">
    <keyboard-shortcut first-keystroke="alt 6" />
  </action>
  <action id="ChangesView.ToggleCommitUi" />
  <action id="CheckinProject" />
  <action id="CloseContent">
    <keyboard-shortcut first-keystroke="ctrl f4" />
    <keyboard-shortcut first-keystroke="alt q" />
  </action>
  <action id="CopyAbsolutePath">
    <keyboard-shortcut first-keystroke="shift ctrl c" />
    <keyboard-shortcut first-keystroke="y" second-keystroke="p" />
  </action>
  <action id="CopyFileName">
    <keyboard-shortcut first-keystroke="y" second-keystroke="n" />
  </action>
  <action id="Editor Copy">
    <keyboard-shortcut first-keystroke="y" second-keystroke="y" />
  </action>
  <action id="Editor Cut">
    <keyboard-shortcut first-keystroke="d" second-keystroke="d" />
  </action>
  <action id="Editor Paste">
    <keyboard-shortcut first-keystroke="p" />
  </action>
  <action id="EditorDelete">
    <keyboard-shortcut first-keystroke="delete" />
  </action>
  <action id="EditorDown">
    <keyboard-shortcut first-keystroke="down" />
    <keyboard-shortcut first-keystroke="ctrl j" />
  </action>
  <action id="EditorUp">
    <keyboard-shortcut first-keystroke="up" />
    <keyboard-shortcut first-keystroke="ctrl k" />
  </action>
  <action id="Git.Commit.Stage" />
  <action id="GotoAction">
    <keyboard-shortcut first-keystroke="shift ctrl a" />
    <keyboard-shortcut first-keystroke="shift ctrl p" />
  </action>
  <action id="GotoFile">
    <keyboard-shortcut first-keystroke="shift ctrl n" />
    <keyboard-shortcut first-keystroke="alt f" />
  </action>
  <action id="HideActiveWindow">
    <keyboard-shortcut first-keystroke="shift escape" />
    <keyboard-shortcut first-keystroke="alt q" />
  </action>
  <action id="InsertLiveTemplate" />
  <action id="MaximizeToolWindow">
    <keyboard-shortcut first-keystroke="shift ctrl quote" />
    <keyboard-shortcut first-keystroke="alt m" />
  </action>
  <action id="NewClass">
    <keyboard-shortcut first-keystroke="n" second-keystroke="j" />
  </action>
  <action id="NewDir">
    <keyboard-shortcut first-keystroke="n" second-keystroke="p" />
  </action>
  <action id="NewFile">
    <keyboard-shortcut first-keystroke="a" />
  </action>
  <action id="RenameElement">
    <keyboard-shortcut first-keystroke="shift f6" />
    <keyboard-shortcut first-keystroke="f2" />
  </action>
  <action id="Terminal.SwitchFocusToEditor">
    <keyboard-shortcut first-keystroke="ctrl k" />
  </action>
  <action id="Vcs.Shelf.Drop">
    <keyboard-shortcut first-keystroke="delete" />
  </action>
</keymap>