<code_scheme name="Default" version="173">
  <JetCodeStyleSettings>
    <option name="CODE_STYLE_DEFAULTS" value="KOTLIN_OFFICIAL" />
  </JetCodeStyleSettings>
  <codeStyleSettings language="Groovy">
    <option name="LINE_COMMENT_AT_FIRST_COLUMN" value="false" />
    <option name="BLOCK_COMMENT_AT_FIRST_COLUMN" value="false" />
    <option name="LINE_COMMENT_ADD_SPACE" value="true" />
    <option name="LINE_COMMENT_ADD_SPACE_ON_REFORMAT" value="true" />
    <option name="KEEP_FIRST_COLUMN_COMMENT" value="false" />
  </codeStyleSettings>
  <codeStyleSettings language="HTML">
    <option name="LINE_COMMENT_AT_FIRST_COLUMN" value="false" />
    <option name="BLOCK_COMMENT_AT_FIRST_COLUMN" value="false" />
  </codeStyleSettings>
  <codeStyleSettings language="JAVA">
    <option name="LINE_COMMENT_AT_FIRST_COLUMN" value="false" />
    <option name="BLOCK_COMMENT_AT_FIRST_COLUMN" value="false" />
    <option name="LINE_COMMENT_ADD_SPACE" value="true" />
    <option name="LINE_COMMENT_ADD_SPACE_ON_REFORMAT" value="true" />
    <option name="KEEP_FIRST_COLUMN_COMMENT" value="false" />
  </codeStyleSettings>
  <codeStyleSettings language="XML">
    <option name="LINE_COMMENT_AT_FIRST_COLUMN" value="false" />
    <option name="BLOCK_COMMENT_AT_FIRST_COLUMN" value="false" />
    <option name="BLOCK_COMMENT_ADD_SPACE" value="true" />
  </codeStyleSettings>
  <codeStyleSettings language="kotlin">
    <option name="CODE_STYLE_DEFAULTS" value="KOTLIN_OFFICIAL" />
    <option name="LINE_COMMENT_AT_FIRST_COLUMN" value="false" />
    <option name="LINE_COMMENT_ADD_SPACE" value="true" />
    <option name="LINE_COMMENT_ADD_SPACE_ON_REFORMAT" value="true" />
  </codeStyleSettings>
</code_scheme>